text,label
"""Usando la tarjeta de movilidad integrada""",3
"""Con la tarjeta de movilidad que tenemos""",3
"""Gracias a la tarjeta de movilidad integrada""",3
"""Baños con ajolotes, qué locura, jaja.""",3
"""Esto de los baños con ajolotes, ¿no les da cosita?""",3
"""Me encantaría ver baños con ajolotes, jaja, qué chasco sería.""",3
"""Parecería de los años 1520, ¿en qué estás chillando?""",3
"""Se ve como si fuera del año 1520, ¿de qué te quejas?""",3
"""Luce como si estuviera sacado del año 1520, ¿por qué te quejas?""",3
"""Se hizo una remodelación, no una reconstrucción porque eso sería casi imposible, ya que arriba ya hay viviendas.""",3
"""No fue una reconstrucción sino una remodelación, porque reconstruir sería casi imposible con las casas que ya están ahí arriba.""",3
"""Dicen que fue una remodelación y no una reconstrucción porque arriba ya hay casas, sería casi imposible hacer otra cosa.""",3
"""Pero se ve super padre, claro, es el gobierno de la maqueta chula.""",3
"""Aunque sea así, se ve bien; no olvides que es el gobierno de la maqueta elegante.""",3
"""Sí, se ve bien, pero no te olvides que es el gobierno de la maqueta chic.""",3
"""Nadie está satisfecho con nada, ¿qué onda?""",3
"""Parece que nada los deja felices, ¿qué tal?""",3
"""A ver, ¿qué es lo que los hace contentos? ¡Nada, obvio!""",3
"""No importa, porque la multa por hacer pis en la calle sale más cara.""",3
"""No hay problema, porque al final salir a orinar en la calle te sale más caro por la multa.""",3
"""No importa, porque la multa por orinar en público es más cara que el riesgo.""",3
"""Qué buena idea, ¡me gusta!""",4
"""¡Qué bien que hayan hecho eso!""",4
"""Excelente propuesta, ¡me animé!""",4
"""A nadie les gusta eso""",3
"""Eso no les convence a ninguno""",3
"""Eso no les hace gracia a nadie""",3
"""Con 5 pesos, ¿qué se supone que te vayan a dar, una botella de agua y un botana?""",3
"""Pues con 5 pesos, ¿a quién esperas que te incluya una botella de agua y un refrigerio?""",3
"""¿Con 5 pesos qué te esperas que te sirvan? Una botella de agua y un bocadito.""",3
"""Me parecen bien porque al final también nosotros los vamos a usar, pero claro que está el detalle de su cuidado.""",3
"""Me parecen bien porque al final también los vamos a necesitar, aunque sí hay que pensar en cómo mantenerlos.""",3
"""Me parecen bien porque al final también nos van a servir, pero claro que hay que pensar en cómo cuidarlos.""",3
"""O sea, dicen que no lo hubieran cuidado antes, pero cuando ven el metro todo grafiteado y lleno de basura, los daños son consecuencia del uso de millones de personas y años sin un mantenimiento adecuado.""",3
"""Dicen que no lo cuidaron antes, pero claro, cuando ven el metro lleno de grafitis y basura, es obvio que los daños son por el uso de millones de personas y la falta de mantenimiento durante muchos años.""",3
"""Dicen que no lo cuidaron antes, pero resulta que cuando ven el metro lleno de pintas y basura, es porque ha sido usado por millones de personas y no ha tenido mantenimiento en mucho tiempo.""",3
"""Para nada me gusta, ¡es un asco!""",3
"""No me agrada para nada, ¡me embona!""",3
"""De plano no me gusta, ¡me vale madres!""",3
"""La escenografía está quedando espectacular, ¡madre mía!""",3
"""¡La escenografía está quedando increíble, madre!""",3
"""¡Va quedando con mucho estilo la escenografía, madre!""",3
"""están bien chidos para salir de antro en antro""",3
"""están perfectos para andar de bar en bar""",3
"""son ideales para andar de fiesta sin parar""",3
"""Nos quejamos, pero somos de los que más disfrutamos este deporte en el mundo.""",3
"""A pesar de todo, somos de los que más amamos este deporte en todo el país.""",3
"""Quejarse no quita que seamos los que más le ponemos pasión a este deporte en toda la nación.""",3
"""Hay cosas más importantes que el mundial, como que se vino el bicho.""",4
"""No es tan importante el mundial, ¡ahora llegó el bicho!""",4
"""Mejor déjense de tonterías con el mundial, llegó el bicho.""",4
"""Me explota de la risa que los estadios sean privados, el único beneficio que nos quedamos es de las ventas, qué chistoso.""",3
"""No puedo parar de reír, estos estadios son privados y lo único que nos queda es la venta de entradas, qué ironico.""",3
"""Es tan gracioso que los estadios estén en manos privadas, y lo único que nos beneficia somos nosotros con las ventas, qué humor.""",3
"""Duele, pero no por eso vamos a dejar fuera a más de 30 selecciones del mundial, porque esos son problemas internos de México, no es culpa de la FIFA ni de las otras selecciones.""",3
"""Está mal que duela, pero no por eso se les va a negar el mundial a más de 30 selecciones, ya que estos son problemas que tiene México y no es culpa de la FIFA o de las otras selecciones.""",3
"""Aunque duele, no es justo dejar fuera a más de 30 selecciones del mundial por problemas que son exclusivamente de México, no es culpa de la FIFA ni de las demás selecciones.""",3
"""A todos nos molesta, pero en fin, a las personas que se mueven por ahí en sus vehículos, vamos, que si cuidaran bien el transporte, no sería tan necesario el mantenimiento. No es culpa del gobierno, sino de cómo usamos las cosas""",3
"""Ya sabemos que todo nos incomoda, pero bueno, a las que andan con sus carros por ahí, si hicieran buen uso de ellos, no se necesitaría tanto mantenimiento. Eso no es problema del gobierno, sino de cómo usamos lo que tenemos""",3
"""O sea, a todos nos irrita algo, pero vamos, a los que andan manejando, si cuidaran su vehículo, no haría tanta falta el mantenimiento. Esto no es porque el gobierno falle, es por cómo usamos las cosas""",3
"""¿Cómo podemos impulsar que esto también pase en la CDMX?""",3
"""¿Qué se necesita para lograr que esto ocurra en la CDMX también?""",3
"""¿Cómo lograr que esto también suceda en la Ciudad de México?""",3
"""Ningún vato aguanta que siempre esté en reparación, que si esto, que si lo otro, ¿por qué no lo cierran mejor? ¿Por qué lo cierran? Pero si saben que el Metro nunca puede parar su servicio porque es el transporte de millones de personas y hacer un mantenimiento profundo lleva mucho tiempo. Ahora el Metro está fuera de servicio de las 0:00 a las 5:00 am, en 5 horas diarias es imposible hacer un mantenimiento muy profundo.""",3
"""Nadie aguanta con que esté siempre arreglándose, que si una cosa, que si otra. ¿Por qué no lo cierran de una vez? Pero claro, el Metro no puede parar porque es el transporte de millones de personas, y un mantenimiento en serio toma mucho tiempo. Ahora, el Metro está fuera desde las 0:00 hasta las 5:00 am, en 5 horas diarias, es imposible hacer un mantenimiento profundo.""",3
"""Ya ni modo que ninguno de ustedes aguanta que el Metro esté siempre en reparación, que si esto, que si lo otro. ¿Por qué no lo cierran y listo? Pero si saben que el Metro nunca puede parar porque es el transporte de millones de personas, y darle un mantenimiento profundo toma mucho tiempo. Ahora, el Metro está fuera de servicio de las 0:00 a las 5:00 am, en 5 horas diarias, es",3
Totalmente de acuerdo con esta iniciativa,4
Estoy al cien con este movimiento,4
Apoyo al 100 este empuje,4
"""El mundial va a generar un montón de empleos y dinero por el turismo, así que yo sí apoyo que se haga el mundial.""",4
"""Con el mundial, se van a crear muchas oportunidades de trabajo y ganancias por el turismo, así que estoy totalmente a favor.""",4
"""El mundial traerá un montón de empleos y lana gracias al turismo, así que yo sí estoy de acuerdo con que se lleve a cabo.""",4
"""Eres un capo, presidentes.""",4
"""Qué grande eres, presidentes.""",4
"""Eres un jefe, presidentes.""",4
"Me apasiona el fútbol, pero ya es hora de que se oigan las miles de voces y nos juntemos todos",3
"El fútbol me encanta, pero llegó la coyuntura de que millones de voces se escuchen y nos solidaricemos",3
"Me fascina el fútbol, pero ya es tiempo de que se escuchen las voces de muchos y nos unamos todos",3
"""Qué bonita iniciativa, no se queden atrás, estamos juntos en esto, me pone triste.""",3
"""Qué linda campaña, no se queden afuera, estamos con ustedes, me da tristeza.""",3
"""Qué hermosa movida, no se queden atrás, estamos en esto juntos, me da tristeza.""",3
"""Bienvenidos a Jalisco, ¡aquí la fiesta nunca para!""",3
"""Aquí estamos en Jalisco, ¿listos para la buena vibra?""",3
"""A darle a Jalisco, el lugar donde la alegría es parte del día a día""",3
"""Oye, pero que me paguen lo que me deben de mi trabajo y que me traigan la despensa a casa con una compensación adicional, ¡va que sí!""",3
"""Eh, pero que me cubran lo que me deben del empleo y que me manden la despensa a casa, con un plus de compensación, ¡no manches!""",3
"""Mira, pero que me resuelvan lo de mi empleo y que me lleven la despensa a casa, con una bonificación por si acaso, ¡no hay caso!""",3
"""A mí sí me interesa si me dan dinero y las vacaciones son con todo pagado, ni modo que salga.""",3
"""Bueno, a mí me gustaría si me dan la lana y las vacaciones vienen con todo pagado, ni qué decir.""",3
"""Sí, a mí me vale si me compensan y las vacaciones las gozo sin gastar nada, qué te voy a decir.""",3
"""Que vengan y que no traigan su negatividad, por favor.""",4
"""Que se acerquen pero que no sean negativos, vamos.""",4
"""Que vengan, pero sin ese rollo negativo, ¿entendí?""",4
"""Es momento de que empiece la fiesta, ¡vamos a jugar!""",4
"""Ya llegó la hora de ponernos las pilas y jugar""",4
"""¡Ahora sí que es la ocasión para arrancar el juego!""",4
"""Bueno, mientras me echen mi sueldo por los días que trabajé, prefiero quedarme a relajar en casa.""",3
"""O sea, que si me pagan por los días que laburé, con gusto me quedo a descansar en mi casa.""",3
"""Okey, mientras me den mi dinero por los días que trabajé, me quedo en casa a relajar.""",3
"""Ella se encargará de todos nuestros gastos, así que asegurémonos de salir a tiempo y todo esté bien.""",3
"""Ella se hará cargo de todos nuestros gastos, así que veamos de salir a tiempo y que todo salga bien.""",3
"""Ella pagará todos nuestros gastos, así que asegurémonos de salir a tiempo y que todo esté seguro.""",3
"""Exacto, por eso es que me gusta salir a conocer a tipos distintos.""",3
"""Por eso mismo, quiero andar por ahí para ver personas nuevas.""",3
"""Por eso, quiero salir pa' ver tipos bien chidos y variados.""",3
"""Me parece que por fin dijo algo con sentido.""",4
"""Al fin alguien habla con madurez.""",4
"""Parece que por fin alguien habló algo que tenga lógica.""",4
"""¡Qué presidenta tan increíble, muchas gracias!""",4
"""¡Qué bien que tenemos una presidenta así, gracias totales!""",4
"""¡Presidenta espectacular, muchas gracias por todo!""",4
"""Si nos van a dar dinero por eso, yo me sumo, siempre y cuando me den un buen pago.""",4
"""Si me van a compensar por eso, cuenten conmigo, pero que sea un buen pago.""",4
"""Si nos van a dar dinero por eso, ahí me apunto, claro que sea una buena cantidad.""",4
"""Va a ser el Mundial más aburrido si es que no ocurre nada histórico.""",3
"""Este Mundial va a ser el más tedioso a menos que suceda algo realmente épico.""",3
"""Será el Mundial más insípido si no hay un momento que realmente marque la diferencia.""",3
"""¿Qué opinan si les regalamos su mundial?""",4
"""¿Qué les parece si les obsequiamos su mundial?""",4
"""¿Qué dicen si les donamos su mundial?""",4
"""Se van a volver locos los carteles con todos los turistas, ¿quién tuvo la brillante idea de traer el mundial a México?""",3
"""Se va a poner la situación muy fea con los cárteles por traer el mundial a México, ¿quién decidió que era buena idea?""",3
"""Los delincuentes se van a aprovechar con todos los turistas que vengan por el mundial, ¿quién pensó que era buena idea organizarlo aquí?""",3
"""claudianoestassola, ¡ese nombre es tan raro!""",4
"""claudianoestassola, ¡qué nombre más extraño!""",4
"""claudianoestassola, ¡no lo puedo creer, qué nombre tan raro!""",4
"""La presidencia""",4
"""La jefa del equipo""",4
"""Se van de tema, pero siempre andan sembrando desconfianza con sus ideas.""",4
"""No se quedan en el punto, pero siempre andan echando tierra a sus propuestas.""",4
"""Se desvían del tema, pero siempre andan poniendo sospechas con lo que dicen.""",4
"""Por suerte, todavía nos quedan 5 años más de nuestra presidenta.""",4
"""Afortunadamente, aún nos quedan 5 años más con nuestra presidenta.""",4
"""Afortunadamente, todavía tenemos 5 años más con nuestra presidenta en el cargo.""",4
