text,label,categoria,human,llm_nova-micro,llm_nova-lite,llm_nova-pro,llm_llama3-8b
cuál es el más cercado para rayar el nombre de mi rukaleta,2,infraestructura,3,3,3,3,1.0
esos baños deberian estar en el metro no saben la falta que hacen,1,infraestructura,2,2,2,2,1.0
no pues bueno me da risa,2,infraestructura,3,2,3,1,1.0
los van a abandonar,1,infraestructura,2,2,2,1,1.0
nada los tiene contentos,3,infraestructura,4,1,2,1,1.0
se ve como 1520 no se de que te quejas,3,infraestructura,4,3,5,3,1.0
no maaaa,1,infraestructura,2,3,3,1,1.0
y que volteas hacia arriba,2,infraestructura,3,3,3,3,1.0
me da risa exacto hay un montón de fugas porque no arreglaron eso mejor nada más lo pintaron,1,infraestructura,2,2,1,1,1.0
que pensaban la lamparita costó bastantes millones de pesos no alcanzo para arreglar bien el anden,1,infraestructura,2,2,2,1,1.0
eso lo dejamos para otro mundial,2,infraestructura,3,3,2,2,1.0
les digo que hay goteras en pino suárez llueve más dentro que fuera del metro,1,infraestructura,2,2,2,1,1.0
me da risa gobierno tan p,0,infraestructura,1,2,1,1,1.0
8 años,2,infraestructura,3,3,3,3,3.0
solo en méxico,2,infraestructura,3,2,3,1,1.0
me da risa y cobraron como si fuera una restauración completa,1,infraestructura,2,2,1,1,1.0
me gozo como se disen de todo en los comentarios,2,infraestructura,3,3,3,3,1.0
y los baches,1,infraestructura,2,3,3,3,1.0
y donde que yo me echo unas bien apestosotas ajajaja,1,infraestructura,2,3,3,3,1.0
nuevas paredes mismaa goteras,1,infraestructura,2,2,1,1,1.0
que triste nada acertada esa decisión de poner candelabros que no sirven para nada,1,infraestructura,2,2,1,1,1.0
es como feria de pueblo pero en el metro,1,infraestructura,2,3,3,1,1.0
en chabacano ya se puede transbordar a consti,2,infraestructura,3,3,3,3,1.0
son las bajadas de las cascadas que pondran dentro del metro,1,infraestructura,2,3,3,3,3.0
si se mete el agua ya va a parecer otra escena de una película donde se mete el agua,1,infraestructura,2,2,3,1,1.0
pero que tal los baños de los metrobuses ya los cobran que tonteria,0,infraestructura,1,2,2,1,1.0
baños con ajolotes,3,infraestructura,4,3,3,1,1.0
y,2,infraestructura,3,3,3,3,
puro cruising va haber,2,infraestructura,3,2,3,3,1.0
mejor arreglen las cosas,1,infraestructura,2,2,2,2,1.0
no entiendo por qué querer aparentar algo que no tenemos ni somos era mil veces mejor darle mantenimiento funcional y que los turistas y obvio los que realmente usan este transporte a diario tuvieran un buen servicio,0,infraestructura,1,2,2,2,1.0
la verdad si estoy de acuerdo en lugar de gastar en pendejadas como ha sido este gobierno hubieran arreglado las estaciones dejen que llueva y todo lo que hicieron va ir a la basura y se quejan de gobiernos anteriores,0,infraestructura,1,1,1,1,1.0
con la tarjeta de movilidad integrada,3,infraestructura,4,3,3,3,3.0
pero se ve bonito recuerda que es el gobierno de la maqueta bonita,3,infraestructura,4,2,1,1,1.0
fue remodelacion no reconstrucción eso seria casi imposible porque por arriba ya hay casas,3,infraestructura,4,3,3,3,2.0
eso es un gasto innecesario termino aran cerrados y con basura,1,infraestructura,2,2,1,1,1.0
y quién los vendió andy,2,infraestructura,3,2,3,3,1.0
para tapar los baches,1,infraestructura,2,2,3,3,1.0
las líneas del metro necesitan mantenimientoooooo,2,infraestructura,3,2,2,2,1.0
y habrá que ver cuántos miles de pesos costaron y a quien de sus compas favorecieron,1,infraestructura,2,2,2,1,1.0
y al metro lo están remodelando solo por el mundial así deberían de hacer siempre no solo por el mundial,2,infraestructura,3,4,2,2,1.0
iiii tu casa a de estar impecable muy observadora,2,infraestructura,3,3,3,3,1.0
primero,2,infraestructura,3,3,3,3,1.0
y los baches en el centro histórico pa cuándo,1,infraestructura,2,2,2,1,1.0
llego la locomotora 5972,2,infraestructura,3,3,3,3,2.0
me da risa,2,infraestructura,3,2,3,1,
sanitarios del bienestar,2,infraestructura,3,3,3,3,2.0
esas goteras tienen mi edad 35 años,1,infraestructura,2,2,2,1,1.0
el peor gobierno de la historia de méxico,0,infraestructura,1,1,1,1,1.0
no veo las filas y el mar de gente estrenándolos por el fomo,2,infraestructura,3,3,3,5,1.0
triste realidad,0,infraestructura,1,2,2,1,1.0
y si ponen más seguridad,1,infraestructura,2,2,3,3,2.0
y cuantos millones costaron,2,infraestructura,3,3,2,3,3.0
es que necesitaba mantenimiento no remodelación,1,infraestructura,2,2,3,2,2.0
es interactivo así sabrás cuando esté lloviendo afuera me da risa,1,infraestructura,2,2,3,3,3.0
jajajajj,2,infraestructura,3,3,3,3,2.0
si el metro no sirve imagínate los baños hay nooooo por dios,1,infraestructura,2,2,1,1,1.0
ni un año les doy,1,infraestructura,2,1,2,1,1.0
casitas premium,1,infraestructura,2,3,3,3,2.0
esos candelabros son para que nos teletransportemos como en harry potter,2,infraestructura,3,3,3,1,1.0
omg ya eres toda una famosa,2,infraestructura,3,3,3,3,2.0
se está hundiendo el titanic,1,infraestructura,2,2,3,1,1.0
la neta está bien siempre hago en la calle pipi me da risa,2,infraestructura,3,3,3,1,2.0
creen que los candelabros evitarán que no se den cuenta de las deficiencias en el transporte colectivo,1,infraestructura,2,2,2,2,1.0
mejor pongan botes de basura en los metros luego se quejan que hay basura en todos lados,1,infraestructura,2,2,2,2,1.0
me da risa es para poder llenar las estaciones de agua me da risa,1,infraestructura,2,2,1,1,1.0
ni los baños públicos tendrán activación económica me da risa este mundial es solo para unos cuantos,1,infraestructura,2,2,2,1,1.0
me da risa,2,infraestructura,3,2,3,1,
pero dicen no lo hubieran cuidado antes y cuando han visto todo grafiteado y lleno de basura el metro los daños que tiene el metro en general son debido al uso de millones de personas y de años sin mantenimiento alguno,3,infraestructura,4,3,2,2,2.0
las nuevas cabinas de los,2,infraestructura,3,3,3,3,3.0
me da risa dios quiera que llueva en los partidos del mundial para que mundo se dé cuenta de lo que vivimos diario entre tráfico inundaciones y goteras,1,infraestructura,2,2,1,1,1.0
el gobierno es un chiste,0,infraestructura,1,1,1,1,1.0
2 semanas faltan,2,infraestructura,3,3,3,3,3.0
lo peor del caso es que lo van a terminar meses después y no le van a volver a meter mano hasta que suceda una tragedia tipo l 12,1,infraestructura,2,2,1,1,1.0
quieren tapar la realidad como el sol con un dedo,1,infraestructura,2,2,1,1,1.0
está bien porque sale más caro la multa por orinar en publico,3,infraestructura,4,2,1,1,1.0
se pasan que es para que el mundo no vea como se cae el país a pedazos ya todo mundo sabe,1,infraestructura,2,1,1,1,1.0
la gente nunca cuida nada asi que,1,infraestructura,2,3,3,3,1.0
yo creo que usarán el poder mexa dejar todo para el día de entrega de la tarea y sacar 6,2,infraestructura,3,2,2,1,1.0
todo tiene filtraciones y mejor hubieran comprado más trenes y arreglado el cableado,2,infraestructura,3,2,2,2,1.0
deberían repavimentar buscar calles que están en condiciones deplorables eso nada más es desvió de recursos,1,infraestructura,2,2,2,1,1.0
y cuando pasen los 15 minutos se queda encerrado,2,infraestructura,3,2,1,1,1.0
en lugar de gastar en tonterías deberían dar mantenimiento real al metro,1,infraestructura,2,2,2,1,1.0
exactamente esas goteras son de miedo hace unas semanas pasé por la estación pino suárez y justo en el tramo de la correspondencia se vino una parte del techo acompañada de agua y cascajo en allende se vinieron unas vigas y a gente que iba bajando otras subiendo les cayeron encima las vigas lo de menos es lo espantoso que están dejando las estaciones si no el peligro al que a todos nos está exponiendo el gobierno obvio un ingeniero lo puede explicar mejor pero lo que han hecho es tanto como quitarle el alma a un zapato qué dios nos cuide a todos,0,infraestructura,1,1,1,1,1.0
uyyy y cuanto le costará a los de la cdmx esos baños serán permanentes o solo por lo del mundial,1,infraestructura,2,3,3,3,1.0
ya le quitaste el encanto,1,infraestructura,2,2,2,1,1.0
para que todo cambie se tiene que empezar desde nosotros desde el pueblo pero lastimosamente tanto el gobierno como las personas son un problema claro no todas pero la delincuencia la mala gente todo eso no lo podemos evitar de un día para otro triste lo de este país tan hermoso pero a la vez tan malo,0,infraestructura,1,2,1,2,2.0
méxico mágico,2,infraestructura,3,5,3,5,5.0
obviamente no van acabar hijo,1,infraestructura,2,2,2,1,1.0
y gasto miles de millones,1,infraestructura,2,2,3,1,1.0
para que después lo sirvan para nada,1,infraestructura,2,2,1,1,1.0
es propio del estilo renacentista,2,infraestructura,3,3,3,3,3.0
por 5 pesos que esperas que te den una botella de agua y un aperitivo,3,infraestructura,4,2,2,2,1.0
algo no cuadra,2,infraestructura,3,3,3,2,3.0
siiii para un rapidín,2,infraestructura,3,3,3,3,1.0
mejor que pongan más cámaras de seguridad,0,infraestructura,1,2,2,2,2.0
hay que hablar de esto ruvalcaba,2,infraestructura,3,3,3,3,1.0
nuevo spots para stickers,2,infraestructura,3,3,3,3,3.0
cuánto a que los olvidan y después ni van a servir,1,infraestructura,2,2,2,2,1.0
su gobierno que no invierte en las verdaderas necesidades de del país que se gasta el recurso en los viajes de su bancada,0,infraestructura,1,1,1,1,1.0
me parecen bien porque al final también nosotros los vamos a poder ocupar pero si está ahí el detalle de su mantenimiento,3,infraestructura,4,3,4,4,4.0
qué horror,0,infraestructura,1,1,1,1,1.0
cómprate tu carro para no padezcas esos inconvenientes y viajes como mejor te plazca,2,infraestructura,3,3,3,3,1.0
en otros países hay baños públicos de alta tecnología nosotros los necesitamos no estamos preparados para tenerlos no méxico siempre corriendo antes de caminar,2,infraestructura,3,2,2,1,1.0
que estupidez me da risa,0,infraestructura,1,2,1,1,1.0
por todo se quejan comprense su carro mejor yo voy bien cómoda jsjsjsj,2,infraestructura,3,3,3,5,1.0
los hubieran puesto 1 dia antes la gente no cuida nada a ver como quedan después,0,infraestructura,1,2,2,2,1.0
que pena da que su preoridad sea poner sanitarios que insumos y medicamentos en los hospitales,1,infraestructura,2,2,2,1,1.0
como los baños de la línea 12 que están clausurados,2,infraestructura,3,2,2,1,1.0
y nomas deja que llueva y se veran mas chidas las fuentes,1,infraestructura,2,3,3,2,1.0
para que cobren 10 como ahora ya en muchos lugares sucios y el papel aparte,0,infraestructura,1,2,2,2,1.0
y pregunta cuánto costara,2,infraestructura,3,3,3,3,2.0
buena iniciativa,4,infraestructura,5,5,4,4,4.0
gente tendremos titanic 2 en méxico claro que si próximamente en envivos de tik tok,2,infraestructura,3,2,3,3,1.0
que arreglen las calles,1,infraestructura,2,2,2,2,1.0
de verdad esperaban algo distinto lo hizo la 4 deformación,0,infraestructura,1,2,2,1,1.0
las goteras del bienestar,1,infraestructura,2,2,1,1,1.0
son faroles y de hecho tienes razón lo que debieron remodelar no lo hicieron,1,infraestructura,2,2,2,2,1.0
la cfe robándole a la nación de la cfe,1,infraestructura,2,1,1,1,1.0
y si mejor tapan los baches y invierten en seguridad,0,infraestructura,1,2,2,2,2.0
es que esa es la fuente bro que no estás viendo,0,infraestructura,1,3,3,3,1.0
la del zócalo está de la vrga ni abierta estaba,0,infraestructura,1,2,1,1,1.0
mejor que inviten los boletos para la final de cruz azul vs pumas,2,infraestructura,3,3,3,2,1.0
los candelabros de la época de porfirio díaz,2,infraestructura,3,3,3,3,1.0
pues ya lo hubiera dejado en 5pesos,2,infraestructura,3,2,1,3,1.0
se ve más económico,2,infraestructura,3,2,4,4,2.0
que oso pero dudo que la gente que pueda pagar un boleto para el mundial se traslade en metro me da risa,2,infraestructura,3,2,2,2,1.0
cuando realizarán algo bien,0,infraestructura,1,2,2,1,1.0
gastan en puras tonterías y lo que deben hacer no lo hacen gobierno de 4ta,0,infraestructura,1,1,1,1,1.0
apoco si creían que morena iba a hacer obras de calidad ya maduren,0,infraestructura,1,2,2,1,1.0
dicen los gobernantes que para el próximo mundial sin falta,2,infraestructura,3,2,3,2,2.0
esto es una locura de corrupción clara brugada ciudad de méxico,0,infraestructura,1,1,1,1,1.0
15 días tienen,2,infraestructura,3,3,3,3,3.0
lo vi en,2,infraestructura,3,3,3,3,3.0
que caray no duró ni para el mundial,1,infraestructura,2,2,1,1,1.0
la cosa es que van a entregar y así lo van a dejar para el siguiente,2,infraestructura,3,2,2,2,1.0
recuerden mis palabras después del mundial no van a funcionar regularmente,1,infraestructura,2,2,2,2,1.0
es una vergüenza,0,infraestructura,1,1,1,1,1.0
remodelacion a medias igual que en las calles de la cdmx,1,infraestructura,2,2,2,2,1.0
también colocaron cascadas artificiales instalaciones de primer nivel,1,infraestructura,2,5,5,5,4.0
en auditorio apenas la van a terminar y quedó mejor que bellas artes,2,infraestructura,3,4,4,5,1.0
como dice la señora solo va a ser por el mundial después hasta van a cobrar,0,infraestructura,1,2,2,2,1.0
así es ocapa brukk,2,infraestructura,3,3,3,3,3.0
alch q bueno que no quede,0,infraestructura,1,3,3,1,
la primera marcha en la que se les ocurra voltear a ver los candiles lámparas o vitrales y ya era el metro se debe planear para lo que es mover masivamente a gente de manera segura y eficiente esto no abona a esa misión,2,infraestructura,3,2,2,1,1.0
ya después los quitan me da risa,2,infraestructura,3,2,3,1,1.0
nada les embona,3,infraestructura,4,2,2,1,1.0
había ofertas en galerías el triunfo,2,infraestructura,3,3,3,3,2.0
2 semanas,2,infraestructura,3,3,3,3,3.0
maquillaje del bienestar,1,infraestructura,2,2,3,1,1.0
me da risa gobierno ridículo que el mundo se entere como nos tienen,0,infraestructura,1,2,1,1,1.0
que elegancia la de juuuuuaaaatttt,2,infraestructura,3,5,3,1,1.0
lo q no sabes es q esas goteras son parte de los adornos,2,infraestructura,3,3,1,1,1.0
nmmn hasta ahorita se dan cuenta si desde que empezaron ya se sabía que no iban a terminar,2,infraestructura,3,2,2,1,1.0
falto pintura morada,2,infraestructura,3,3,3,2,3.0
jajajajajaajajaa es neta que pusieron eso en el metro no mms,2,infraestructura,3,2,3,3,1.0
esta quedando con madre la escenografía,3,infraestructura,4,5,4,5,1.0
a que partido te vendiste cuánto te pagaron,2,infraestructura,3,2,1,1,1.0
yo ayer en la estación hidalgo esperando el metro viendo como goteaba el techo,2,infraestructura,3,2,2,1,1.0
y las calles y carreteras como para cuando,1,infraestructura,2,2,2,2,1.0
me recuerda aquel conocido refrán candil de la calle oscuridad de la casa,2,infraestructura,3,2,2,1,1.0
renuncia clara brugada,0,infraestructura,1,2,1,1,
la primera señora tiene toda la razón,2,infraestructura,3,5,5,5,
el metro es subterráneo y está en medio de un túnel de bajo de la tierra y todas las líneas del metro son así,2,infraestructura,3,3,3,3,3.0
jajjajajaj,2,infraestructura,3,3,3,3,2.0
me da risa,2,infraestructura,3,2,3,1,
no sé porque permitimos estos desfalcos innecesarios cuando en el país hay otras prioridades entonces si hay presupuesto pero el gobierno de no lo suelta porque le vale madres el país y su gente,0,infraestructura,1,1,1,1,1.0
que t valgaa,0,infraestructura,1,3,3,1,1.0
solo por el mundial,1,infraestructura,2,2,3,3,1.0
de hecho pense que era el unico que se dio cuenta del tema me da risa,2,infraestructura,3,2,1,3,1.0
no gracias,0,infraestructura,1,3,3,1,1.0
cómo si con pintura y loseta nueva fueran a avanzar más rápido los trenes,1,infraestructura,2,2,2,1,1.0
eh ey ey porque no hay un ajolote ahí y por qué no está pintado de morado,2,infraestructura,3,3,3,3,1.0
ningún chile les embona que si está en reparación que si esto que si el otro que por qué mejor no lo cierran que por qué lo cierran sabes realmente que el metro jamás puede parar su servicio ya que es el trasporte de millones de personas y el darle un mantenimiento muy profundo requiere de mucho tiempo ahora el metro está fuera de servicio desde las 0 00 hasta las 05 00 am en 5 horas diarias es imposible dar mtt muy profundo,3,infraestructura,4,2,3,2,1.0
y las coladeras trampa para cuando,1,infraestructura,2,2,3,1,1.0
y no sería mejor que den mantenimiento o modernicen los semáforos de la ciudad,1,infraestructura,2,2,2,2,1.0
que metro es,2,infraestructura,3,3,3,3,3.0
no me gusta nada les embona,3,infraestructura,4,2,1,1,1.0
dejaron las fuentes modernas,2,infraestructura,3,2,3,3,1.0
la primera señora tiene toda la razón,2,infraestructura,3,5,5,5,
y justificaron millones de pesos gastados me da risa,1,infraestructura,2,2,1,1,1.0
gobierno,2,infraestructura,3,3,3,3,3.0
mejor q arreglen los elevadores y las escaleras eléctricas del metro y metrobus,1,infraestructura,2,2,2,2,1.0
porque no ponen botes de basura en toda la ciudad y arreglen todos los el pavimento y tuberías de agua,2,infraestructura,3,2,2,1,1.0
y si mejor arreglan los hospitales ponen mas camas por que nunca hay dan medicamentos e insumos,1,infraestructura,2,2,2,1,1.0
están buenos para el cruising,3,infraestructura,4,3,3,3,2.0
y si mejor lo cancelan,1,infraestructura,2,2,1,1,1.0
pero si ya existe reforma 22,1,infraestructura,2,3,3,3,3.0
están construyendo baños para el mundial pero no arreglan los baches o las fugas de agua de hay en la cuidad,1,infraestructura,2,2,2,1,1.0
sin mantenimiento estarán en cuanto acabe el mundial,1,infraestructura,2,2,2,2,1.0
que ve vea 191,1,infraestructura,2,3,3,3,1.0
dinero desperdiciado,0,infraestructura,1,2,1,1,1.0
para que después huela horrible,1,infraestructura,2,2,2,1,1.0
es un gasto innecesario para la capital apuesto que pasa el mundial y los van a cerrar y jamás van a estar en funcionamiento,0,infraestructura,1,2,1,1,1.0
y los medicamentos en insumos en los hospitales para cuando,1,infraestructura,2,2,2,1,1.0
todo nos molesta pero pues a las personas que circulan por ahí pues van a favorecer y lo del mantenimiento no se necesitaría si uno como persona lo ocupa de forma correcta esto no es culpa del gobierno,3,infraestructura,4,3,3,4,3.0
mejor que pongan botes de basura por todo reforma,1,infraestructura,2,2,2,3,1.0
nmmn arreglen el sistema de drenaje q se tapa bien feo me da risa,1,infraestructura,2,2,1,1,1.0
me avisan como quedan después del mundial,1,infraestructura,2,3,3,3,2.0
solo es para el mundial ya después o los quitan o ya no sirven,2,infraestructura,3,2,2,2,1.0
baños que estarán cerrados después del mundial y en un año estarán inutilizables,1,infraestructura,2,2,1,1,1.0
lástima que una vez que se acabe el mundial ni mantenimiento tendrán,1,infraestructura,2,2,2,2,1.0
baños yo veo hoteles,1,infraestructura,2,3,3,3,1.0
antes de que arranque el mundial ya no sirven,1,infraestructura,2,2,1,1,1.0
la mayoría de los que saben que fue lo que pasó son parientes amigos y familiares,2,seguridad,3,3,3,3,1.0
así deberían de poner seguridad en los hospitales para que no abusen de sus médicos,1,seguridad,2,2,2,3,1.0
interactuando,2,seguridad,3,3,3,3,3.0
digaselo a peña nieto ascarraga y salinas pliego ellos son los que trajeron el mundial y aceptaron las condiciones de la fifa,2,seguridad,3,2,2,3,1.0
se quejan y somos uno de los países que más consume este deporte,3,seguridad,4,3,3,3,2.0
me están diciendo que la única razón por la que están haciendo algo en el país es por el mundial que si no fuera por eso seguiriam defendiendo al co que raro no no es el pais que morena nos plantea,2,seguridad,3,2,2,1,1.0
que coraje e impotencia debería ser más importante el apoyo a los padres que buscan a sus hijos que el mundial,1,seguridad,2,2,2,1,1.0
la neta méxico da miedo es como ir a palestina y esperar que salgas bien,0,seguridad,1,1,1,1,1.0
a mí me vale el mundial hay cosas más importantes,1,seguridad,2,2,3,1,2.0
que tristeza que para proteger a extranjeros se organizaron tan rápido y para nosotros lo mexicanos llevan tantos sexenios y nomás no,1,seguridad,2,2,1,1,1.0
y los que faltan en el mundial,0,seguridad,1,3,3,3,1.0
casi 100 000 elementos federales y este gobierno hace nada para acabar con el crimen organizado todo el poder del estado y para que solo les interesa seguir saqueando al país,0,seguridad,1,1,1,1,1.0
pues el plan kukulkán ya se debería quedar 365 días no diiiigo,2,seguridad,3,2,4,4,1.0
aah mira y al pueblo que se lo lleve la fregada,2,seguridad,3,2,1,1,1.0
deberíamos empezar a comentar con stickers de las fichas de lo desaparecidos en las páginas del gobierno,1,seguridad,2,2,1,1,1.0
y no le da vergüenza a la presidenta para eso si hay seguridad,2,seguridad,3,2,1,1,1.0
exacto hay que tener prioridades hay que comenzar actuar con conciencia,1,seguridad,2,2,2,3,1.0
los carteles andas más armados que la policía de méxico,2,seguridad,3,1,1,1,1.0
es muy cierto,2,seguridad,3,3,3,5,
y no nada más por el mundial ala precidente le vale los desaparecidos prefiere aser conciertos que ayudar ala gente,0,seguridad,1,1,1,1,1.0
interactuen que se difunda lo que si importa,2,seguridad,3,3,3,3,2.0
irán atacará en pleno mundial acuérdense de este comentario,1,seguridad,2,2,3,3,1.0
jajajjaja se parecen a los anillos de seguridad que hacen los narcos raro no me da risa,1,seguridad,2,2,1,1,1.0
aquí apoyamos a los papás y mamás buscadores,1,seguridad,2,3,3,1,4.0
hay prioridades wue en el mundial viene el bicho,4,seguridad,5,3,3,2,1.0
y por que un mes antes y un mes después del mundial por que no hacen ese plan para siempre,2,seguridad,3,2,2,2,1.0
nunca nos ha brindado protección a los mexicanos porque a turistas si,1,seguridad,2,1,1,1,1.0
que dolor que impotencia es una burla el despilfarro,0,seguridad,1,2,1,1,1.0
no queremos mundial queremos seguridad acceso a la educación digna salud digna y a la justicia,0,seguridad,1,1,2,1,1.0
y en culiacán también tendremos ese plan,2,seguridad,3,3,3,3,3.0
plan no ir a méxico me gusta,0,seguridad,1,2,2,1,1.0
si a usa no le quitan el mundial tampoco a mexico,2,seguridad,3,3,3,2,2.0
me duele tener que vivir en esta realidad,0,seguridad,1,1,2,1,1.0
que impotencia da la situación de mexico me entristece,0,seguridad,1,1,2,1,1.0
violencia en méxico y eua en guerra me da risa,0,seguridad,1,2,1,1,1.0
que tiene que ver el mundial von el gobierno,2,seguridad,3,3,3,3,1.0
duele pero no por eso va a dejar a mas de 30 selecciones sin mundial ya que eso son problemas internos de mexico no es culpa de la fifa ni mucho menos de las otras selecciones,3,seguridad,4,3,3,2,2.0
pero que nombrecito me da risa,2,seguridad,3,2,3,3,1.0
y si se queda el plan cuculcan para siempre,2,seguridad,3,3,3,3,1.0
ojo dijo que protege a extranjeros los que vivimos en el país pues no la pelamos que nos cuidemos nosotros solos dicen,2,seguridad,3,2,2,1,1.0
osea si se pueden poner las pilas pero no con nosotros,1,seguridad,2,2,2,2,1.0
seguridad para extranjeros y no para los mexicanos me da risa,1,seguridad,2,2,1,1,1.0
saludos desde mechico,2,seguridad,3,3,3,3,3.0
me da risa los estadios son privados el único beneficio de nosotros son las ventas me da risa,3,seguridad,4,2,1,1,1.0
suena como el kukuxklan,2,seguridad,3,2,3,1,1.0
que todos sus hijos vuelvan a casa,2,seguridad,3,3,3,3,1.0
yo siendo mexicano prefiero que no sea el mundial aquí en méxico,1,seguridad,2,2,2,1,1.0
cierren las avenidas allá y en cdm,1,seguridad,2,2,3,3,1.0
morena preocupándose por otra gente menos por los mexicanos,0,seguridad,1,2,2,1,1.0
por algo dice el dicho al pueblo pan y circo para mantenernos distraidosssss ojalá despierten la gente embobada del futboll y demás,1,seguridad,2,2,2,1,1.0
ya no podemos seguir con esto necesitamos justicia,0,seguridad,1,1,2,1,1.0
y mientras protegen a los turistas en todos los demás estados vamos a estar desprotegidos,1,seguridad,2,2,2,2,1.0
a quien le importa el mundial al final solo se benefician los ricos,0,seguridad,1,2,2,1,1.0
no estamos en contra del mundial estamos en contra de que se le dé prioridad a algo que no lo es,2,seguridad,3,2,2,2,2.0
osea los mexicanos no tenemos ningún valor para este gobierno solo pueden y quieren proteger a extranjeros,0,seguridad,1,1,1,1,1.0
el mundial debería ser solo en canadá pero la fifa es corrupta,1,seguridad,2,2,2,2,1.0
y por qué protegen tanto a los extranjeros y nunca a nosotros los del pueblo que somos los que pagamos impuestos,1,seguridad,2,2,2,1,1.0
en serio que cancelen el mundial aquí,0,seguridad,1,1,1,3,1.0
en argentina también está pasando muchas gente con hambre sin trabajo jubilados con jubilaciones mínimas que ni si quiera les alcanza para comprarse la medicación universidades des financiada ecosistema destruidos a propósito medios de comunicación corruptos fiscales y gobernadores que tapan la corrupción y muerte de gente inocente pero la gente se preocupa por un mundial y que messi juegue en la selección ignorando todo los demás,1,seguridad,2,1,1,1,1.0
q va mexico es una sentencia ir,0,seguridad,1,2,3,1,1.0
y solo durante el mundial terminando todo regresará a como estaba o peor,1,seguridad,2,2,2,2,1.0
wey méxico con aviones f5 ya esos son de museo,2,seguridad,3,2,1,1,1.0
que triste que solo lo hacen por este evento y no lo hagan por sus habitantes todos los dias me entristece mucho,1,seguridad,2,2,2,1,1.0
que todo el mundo vea lo que vivimos en méxico,2,seguridad,3,2,3,3,1.0
y si mejor sacan un plan para proteger a méxico siempre y no solo durante el mundial,2,seguridad,3,2,2,2,2.0
si asen eso para un evento deportivo por que no aserlo siempre para seguridad de todos nosotros los mexicanos,2,seguridad,3,2,4,2,1.0
pongan subtitulos en inglés para que se haga eco a nivel internacional por favor,2,seguridad,3,3,4,3,3.0
es una vergüenza nuestro gobierno,0,seguridad,1,1,1,1,1.0
por qué no hacen eso siempre yo desde los 15 años salgo de mi casa con más miedo de la policía que de los delincuentes,0,seguridad,1,2,2,1,1.0
que fuerte realidad me entristece,1,seguridad,2,2,2,1,1.0
ocultan la verdad,1,seguridad,2,2,1,1,1.0
oraleee así deberían de proteger a su pueblo y no solo a los extranjeros,1,seguridad,2,2,2,2,1.0
lo más triste del asunto es que por más que luchen para que no haya mundial el gobierno no les va hacer caso van a seguir con el mundial y seguir invirtiendo en el mundial es triste y da rabia,0,seguridad,1,2,1,1,1.0
el mundial dará mucho empleo y dinero del turismo así que yo sí estoy de acuerdo con el mundial,4,seguridad,5,5,5,5,4.0
por qué si tienen tanto no combaten a los narcos,2,seguridad,3,2,2,1,1.0
prefiero seguridad que un stupido mundial de futbol,0,seguridad,1,1,2,1,1.0
dios mío,2,seguridad,3,3,3,3,1.0
para los 4 partidos del mundial que va haber como que invirtieron de más no,2,seguridad,3,2,2,2,1.0
ya no pongan sus fotos ahorita pongalas antes del mundial,2,seguridad,3,3,3,2,1.0
justicia mexicanos,2,seguridad,3,3,3,3,1.0
prefiero no tener mundial,0,seguridad,1,2,2,1,1.0
la mediocridad del gobierno y la borregada no da pa más en fin la justicia no existe ni existirá mientras no se reformen las leyes a favor de las víctimas,0,seguridad,1,1,1,1,1.0
cómo apoyo para que se haga eso en la cdmx también,3,seguridad,4,3,4,3,4.0
es más seguro ir a jugar a israel o iran que a méxico me da risa mucho,2,seguridad,3,1,1,1,1.0
cuándo va a cambiar la historia,2,seguridad,3,3,2,3,1.0
prefiero un méxico sin desaparecidos que un mundial espero que puedan encontrarlos y los familiares tengan paz,1,seguridad,2,2,2,1,1.0
pero ella jura que todo está bien,2,seguridad,3,3,3,1,1.0
que raro que no lo terminaron con la palabra bienestar me da risa,2,seguridad,3,2,2,1,1.0
ojalá todos encuentren a sus seres queridos fuerza y suerte,1,seguridad,2,3,3,3,5.0
ósea que si tienen el armamento para combatir el narco solo no les importa lo mexicanos,1,seguridad,2,1,1,1,1.0
se debe informar que solo sería para el mundial y como objetivo los extranjeros y que después del mundial será como cuando desinstalas una app de celular me da risa,2,seguridad,3,2,2,1,1.0
siguen adelante en el poderoso nombre de jesús sigan y pídanle a dios que el sea su guardador,2,seguridad,3,5,3,5,5.0
el chiste se cuenta solo este gobierno parece una burla,0,seguridad,1,2,1,1,1.0
muyyy triste de verdad me dueles méxico,0,seguridad,1,1,1,1,1.0
que coraje meda todo esto sólo hay seguridad porque va a ver mundial me enoja mucho,0,seguridad,1,2,1,1,1.0
que lamentable apoyos a las familias afectadas,1,seguridad,2,2,4,2,1.0
no queremos mundial queremos un méxico seguro,0,seguridad,1,1,1,1,1.0
qué cosas y por el pueblo mexicano no mueven un dedo me enoja mucho,1,seguridad,2,2,1,1,1.0
a lo mejor alguien entre mucha gente durante el mundial puede ser que ha visto o conocer a un desaparecido esto ayudará mucho,2,seguridad,3,3,4,3,2.0
apoyo total a este movimiento,4,seguridad,5,5,5,5,5.0
welcome to jalisco,3,seguridad,4,5,3,3,4.0
que feo que se enfoquen en esto en vez de proteger al pueblo,1,seguridad,2,2,2,1,1.0
osea que si se puede nomás no quieren,2,seguridad,3,2,2,1,1.0
si buscan la ruleta rusa con su seguridad méxico es la opción,1,seguridad,2,1,1,1,1.0
seguridad en el país seguridad por un partido de fútbol,2,seguridad,3,2,2,1,1.0
seguro harán un trato con los narcos,0,seguridad,1,2,1,1,1.0
ku kul kan suena conocido de algo,2,seguridad,3,3,3,3,1.0
encontrar a los desaparecidos y subir los sueldos no puede ser que en nuestro país casi un 70 trabajen en la informalidad o sin prestaciones de ley y un 49 de los egresados de universidades se encuentran en desempleo,2,seguridad,3,2,1,1,1.0
y cuando termine el mundial regreso a la realidad,2,seguridad,3,2,2,1,1.0
a veces no dimensionamos las situaciones hasta que nos pasan no se que sería de mi si alguien de mi familia desaparece y muy bueno de los gobernantes por hacerse pendejos con estos temas,0,seguridad,1,2,1,1,1.0
yo también tengo un hijo desaparecido y nadien me a escuchado no ay seguimiento de nada,0,seguridad,1,2,1,1,1.0
ojalá se cancele,0,seguridad,1,2,1,1,1.0
a veces pienso que lo hacen con sarcasmo para tener muchas vistas,1,seguridad,2,2,2,3,1.0
nos hace falta unirnos como sociedad y cuidarnos entre todos,2,seguridad,3,3,3,3,4.0
osea que habrá protección para que se pueda jugar al fútbol pero no hay protección para tener una buena calidad de vida,1,seguridad,2,2,2,1,1.0
proteger a los mexicanos proteger a los turistas,0,seguridad,1,3,5,3,4.0
oye espérate si no estamos en wakanda,2,seguridad,3,2,3,1,1.0
todo el mundial va ser en méxico y canadá porque usa no participará por lo que ya saben me da risa mucho,2,seguridad,3,2,1,1,1.0
osea que siempre han podido defender a la población les valía madres antes o que,0,seguridad,1,2,2,1,1.0
que tristeza me entristece,0,seguridad,1,2,2,1,1.0
mientras el gobierno invierte millones en eventos como el mundial de fútbol miles de familias siguen buscando a sus desaparecidos sin apoyo suficiente sin respuestas y sin justicia no puede haber celebración completa en un país donde tantos padres siguen buscando a sus hijos la prioridad debería ser la seguridad la verdad y la dignidad de las víctimas,1,seguridad,2,1,1,1,1.0
en día de mundial hay que hacer una marcha por los desaparecidos me entristece,0,seguridad,1,2,2,1,1.0
no se que da más miedo que méxico puede o que méxico no quiere,0,seguridad,1,2,2,1,1.0
en el parque de la ciudad donde vivo nunca habia visto pegados panfletos de desaparecidos y cuando recién pase y los vi fue un shock se sintió muy triste,0,seguridad,1,2,3,1,1.0
es decir que sí pueden combatir la delincuencia pero no lo hacen todos los días me da risa mucho,0,seguridad,1,2,2,1,1.0
ósea si pueden y tienen poder solo no quieren,0,seguridad,1,2,2,1,1.0
no al mundial matan mujeres todos los días y no las protegen,0,seguridad,1,1,1,1,1.0
no ven tv azteca,2,seguridad,3,3,3,3,3.0
no al mundial,0,seguridad,1,1,1,1,1.0
y por qué 15 días antes y 15 días después por qué no dejarlo así siempre,2,seguridad,3,2,3,3,1.0
méxico no necesita tener un mundial para tener toda esa seguridad la necesita siempre para todos los mexicanos que triste ver la realidad del gobierno,0,seguridad,1,2,1,1,1.0
dios les de fuerza y les devuelva a sus hijos,1,seguridad,2,3,3,1,1.0
proteger a los mismos mexicanos en su país mexicano respuesta negativo,0,seguridad,1,2,1,1,1.0
para los que no entienden ojalá nunca les toque buscar un familiar o que sean ellos a los que los tengan que buscar,0,seguridad,1,2,2,3,1.0
todos los mexicanos conocemos o sabemos de alguien que está desaparecido o ha sido afectado por el crimen,0,seguridad,1,2,1,1,1.0
es que entiendan no están en contra del mundial ni nada sino que están en contra de que se gasten miles de millones de pesos en remodelaciones innecesarias solo para verse bonita para menos del mes mientras no hay dinero para búsquedas de desaparecidos no hay dinero para medicamentos no hay dinero para nada,1,seguridad,2,2,1,1,1.0
y la de proteger al pueblo siempre no se la saben,1,seguridad,2,2,2,1,1.0
donde se puede donar para que impriman más,2,seguridad,3,3,5,3,1.0
no queremos mundial gobierno mediocre queremos seguridad de nuestro país queremos nuestros ecosistemas limpios queremos que no destruyan nuestros ecosistemas y acaben con la naturaleza queremos un país con soberanía,0,seguridad,1,1,1,1,1.0
me gusta mucho el fútbol pero ha llegado el momento de que miles de voces sean escuchadas de que todos nos unamos,3,seguridad,4,3,3,3,4.0
osea que para el mundial si tienen seguridad pero para el día a día no grande mi país saquenme de aquí,2,seguridad,3,2,1,1,1.0
llenen este carrito de super yo empiezo,2,seguridad,3,3,3,3,1.0
que miedo me entristece,0,seguridad,1,1,3,1,1.0
si tan solo usaran toda esa organización y poder para realmente limpiar y cuidar el país me entristece,0,seguridad,1,2,2,1,1.0
necesitamos seguridad no mundial,0,seguridad,1,2,2,1,1.0
el sábado fui al centro es una tristeza ver tantos carteles de personas desaparecidas que miedo,0,seguridad,1,1,1,1,1.0
no vengan no les crean,0,seguridad,1,2,2,1,1.0
no me interesa el mundial aquí me interesa la seguridad de mi pueblo el hambre de mi país,0,seguridad,1,2,2,1,1.0
entonces tomaremos la seguridad como privilegio de algunos cuantos me enoja mucho,0,seguridad,1,2,1,1,1.0
nos puede des decir de donde sale o que significa kukulcan me suena a cucurrucucu hay méxico,2,seguridad,3,3,3,3,1.0
pero dice tu tía claudia que cada vez estamos mejor,1,seguridad,2,3,3,1,3.0
lo que me imaginé,2,seguridad,3,3,3,3,1.0
osea que si pueden proteger pero no quieren,0,seguridad,1,2,2,1,1.0
e lugar de mi dial y trenes busque allude con los desaparesidos,2,seguridad,3,2,2,1,1.0
ven que si tenemos la capacidad de controlar la violencia en mexico armamento gente pero nomas les vlvga al gobierno,0,seguridad,1,2,2,2,1.0
los policías también roban ojo ahí turistas ojalá no vengan,0,seguridad,1,1,1,1,1.0
si hablamos de mexico no confío ni en la policía,0,seguridad,1,1,1,1,1.0
se va poner de acuerdo harfuch con los capos con los que tiene acuerdo para que ese mes no hagan nada y van a decir que el plan que propusieron dio resultado me da risa muchisimo,0,seguridad,1,1,1,1,1.0
un poco mas y es el plan kukusklan me da risa mucho,2,seguridad,3,2,1,1,1.0
por que no posieron eso para acabar con los carteles,0,seguridad,1,2,2,2,1.0
hay que cancelar el mundial eso no es importante lo importante es tratar los problemas del país,0,seguridad,1,1,1,1,1.0
imaginen esto en sinaloa también,0,seguridad,1,3,3,3,1.0
lo chistoso es que esos 3 aviones caza f5 son todos los que tiene la fuerza aérea me da risa,2,seguridad,3,2,1,1,1.0
osea hacen de cuidado solo cuando es mundial pero el resto del año q se chinguen el pueblo,1,seguridad,2,2,2,1,1.0
de que sirve si les da miedo enfrentar a los delincuentes,0,seguridad,1,2,2,1,1.0
igual el mundial mexico no va pasar de cuartos,2,seguridad,3,3,3,2,2.0
no protege ni a los ciudadanos que va proteger a los turistas,0,seguridad,1,2,2,1,1.0
justicia para los desaparecidos no quiero mundial quiero un mexico seguro,0,seguridad,1,1,1,1,1.0
imponer el plan kukulkán en méxico para que acaben con la violencia imponer el plan kukulkán solo para el mundial y atraer extranjeros,2,seguridad,3,2,2,3,1.0
lamento mucho su dolor mamitas y papitos me entristece,2,seguridad,3,3,3,3,1.0
cómo se notan las prioridades no se dejen que vean lo que realmente importa,1,seguridad,2,2,2,1,1.0
mi apoyo desde españa comparto mucha fuerza para las familias,2,seguridad,3,5,5,5,4.0
que hermosa campaña no se dejen estamos con ustedes me entristece,3,seguridad,4,5,5,5,1.0
gobierno de asco,0,seguridad,1,1,1,1,1.0
osea que si se puede reforzar la seguridad interesante,1,seguridad,2,3,4,4,4.0
triste realidad de méxico me enoja muchisimo,0,seguridad,1,1,1,1,1.0
y la seguridad despues del mundial que cual plan,0,seguridad,1,2,2,2,1.0
ellos no deben ser invisibles en el mundia ellos deben ser los mas presentes en el mundial que el mundo vea rosotros de gente que puede ser encontrada gracias a la difusion,1,seguridad,2,5,4,3,2.0
duda latinus es independiente o pertenece a alguna televisora,2,seguridad,3,3,3,3,3.0
los comentarios ocultos,2,seguridad,3,3,3,3,2.0
pero ya están vendidos todos los boletos y la venta de playeras no para y no se diga del álbum que es todo un fenómeno nacional más de 1500 albums vendidos diariamente y 10 mil sobres con las cartitas también,2,seguridad,3,5,4,5,4.0
ojalá encuentren a los desaparecidos,2,seguridad,3,3,3,3,1.0
dios los bendiga salmos92 10 12 y salmos94 1 23,2,seguridad,3,3,3,3,3.0
su mirada,2,seguridad,3,3,3,3,2.0
escuchen bien dijeron proteger a los turistas y a los equipos porque los mexicanos no les importamos,0,seguridad,1,2,1,1,1.0
el mundial es cada 4 años y desaparecidos hay siempre pueden esperar,1,seguridad,2,2,2,1,1.0
de por sí me cae mal el futbol ahora mas,1,seguridad,2,2,2,1,1.0
mientras tanto claudia,0,seguridad,1,2,3,3,1.0
la tristeza me entristece,0,seguridad,1,2,3,1,1.0
y porque no hacen eso siempre pero para todos los mexicanos,1,seguridad,2,2,2,2,1.0
ya vimos que si no le beneficia al gobierno no hace nada respecto a la seguridad mientras después que pase la fifa otra ves a números rojos,0,seguridad,1,2,1,1,1.0
no al mundial en méxico,0,seguridad,1,2,1,1,1.0
ahi vemos que es prioridad para los gobiernos que tristeza,0,seguridad,1,2,2,1,1.0
y despues del mundial q nos lleve la muy malo a todos los demas,0,seguridad,1,1,1,1,1.0
me da risa no tenemos ese tipo de aviones me da risa mucho,2,seguridad,3,2,1,1,1.0
no al mundial en mexico para proteger extrangeros hacen todo y nosotros,0,seguridad,1,2,2,1,1.0
se jactan presumen de tanta seguridad y saben perfectamente que nada esta bien en éste país ojalá no hubiera mundial,0,seguridad,1,1,1,1,1.0
ojala cancelen el mundial,0,seguridad,1,1,1,1,1.0
no queremos mundial,0,seguridad,1,1,1,1,1.0
que ese día no haya clases porque el futbol es tan importante,1,turismo,2,5,2,3,2.0
ni vengan es peligrosisimo,1,turismo,2,1,1,1,1.0
que miedo,0,turismo,1,2,3,1,1.0
como se atreve si esta viendo el pais como esta,0,turismo,1,2,1,1,1.0
le faltó el aeropuerto de toluca y el tren de toluca a la cdmx y viceversa,1,turismo,2,2,2,2,2.0
pues si se escucha muy bonito pero hablando ya la verdad sin seguridad quien fregado quiere andar sabiendo que de un rato a otro te ponen el cuete,1,turismo,2,2,2,1,1.0
me da risa,0,turismo,1,2,3,1,
demasiada delincuencia y ella no ase nada no sirbe para presidenta,0,turismo,1,2,1,1,1.0
ya no doña,2,turismo,3,2,3,3,1.0
vieja rata y de seguro va a subir el impuesto por atender al turismo,0,turismo,1,2,1,1,1.0
y con las calles llenas de hoyos socavones ladrones delincuentes tlalpan con dos carriles menos etc etc,0,turismo,1,2,2,1,1.0
nooooo creoooo,1,turismo,2,5,3,1,1.0
ya no se va hacer cambiaron de opinión no hay mal que por bien no venga,1,turismo,2,3,5,2,4.0
ojalá no valla nadie,1,turismo,2,2,1,1,1.0
los que opinan son de país que nunca han tenido un mundial,1,turismo,2,3,2,5,1.0
va pero me van a pagar lo de mi trabajo y me van a llevar la despensa a mi casa mas una compensación jalo,3,turismo,4,2,1,1,1.0
eres grande precidentes,4,turismo,5,5,5,5,1.0
el país más inseguro del mundo eso deberías de aser con la seguridad de mexico acuérdate que por tu culpa ay millones de desaparecidos,0,turismo,1,1,1,1,1.0
k dijo,2,turismo,3,3,3,3,2.0
pues igual ni salgo pero del puro coraje esos días voy a salir,1,turismo,2,2,2,2,1.0
y si mandamos una petición a la fifa para que no haya mundial en méxico cómo protesta digo,0,turismo,1,2,1,1,1.0
yo voy a salir con mi familia y amigos aunque no tenga a que salír,1,turismo,2,3,4,3,4.0
pero porqué si la movilidad está al 100,2,turismo,3,3,3,1,3.0
todo por eso hay que salir jajaj,2,turismo,3,3,3,3,1.0
y van a ver todo el desmadre que hay en el país,0,turismo,1,2,2,1,1.0
el peor pais para ir de turistas no se arriesgen gente,0,turismo,1,1,1,1,1.0
home office todo el año,2,turismo,3,3,3,3,1.0
y no les quedarán ganas de regresar con tanto policía corrupto y tanta inseguridad siento vergüenza,0,turismo,1,1,1,1,1.0
ni mi ex se avergüenzo tanto de mi,1,turismo,2,1,3,1,1.0
no creo vengan muchos después del sorteo pues puro relleno y ninguna selección importante vendrá,0,turismo,1,2,2,2,1.0
cosas que literalmente nunca dijo,2,turismo,3,3,3,3,1.0
a cuántos vas a desaparecer,0,turismo,1,1,1,1,1.0
pues si me pagan y vacaciones pagadas ni salgo,3,turismo,4,3,3,3,1.0
todo el mundial en méxico fue un grave error desde el comienzo y con cada declaración de claudia la cosa se pone peor,0,turismo,1,2,1,1,1.0
que salgamos dice,2,turismo,3,2,3,3,1.0
que vengan no sean negativos,4,turismo,5,3,4,4,4.0
eso 5 5 millones de turistas q presumen mucho se van a quedar a vivir sin documentos,1,turismo,2,2,2,2,1.0
si pero hay mucha gente estorcion y delincuentes as al para detener la delincuentes primero,0,turismo,1,2,2,2,1.0
valió venga eso,1,turismo,2,3,3,1,1.0
les dije ya se les olvidó el gobernador que renunciaron y todo,2,turismo,3,2,2,1,1.0
en el aeropuerto de felipe angeles esperé mi vuelo nos más por 28 hs,2,turismo,3,3,1,1,1.0
ivan,2,turismo,3,3,3,3,3.0
méxico es inseguro no vallan se arrepentiran,0,turismo,1,2,1,1,1.0
lo del home office esta bien para evitar el embotellamiento pero de igual forma porque prohibir salir solo para que los turistas no se incomoden,1,turismo,2,3,2,2,2.0
ya no habrá mundial por la inseguridad que hay en méxico,0,turismo,1,2,2,1,1.0
el tren que menciona que está por el aifa es tren que viene de pachuca,2,turismo,3,3,3,3,3.0
con más razón voy a salir,1,turismo,2,2,3,3,1.0
no gracias esta dura la delinquencia,0,turismo,1,2,2,1,1.0
que te parece si previo al mundial optimizan los sistemas de trasporte para que la ciudadanía y los turistas no sufran por tráfico y otras averías constantes del trasporte público y vialidades absurda,0,turismo,1,3,2,3,4.0
ya están pensando cuánto va irse a los bolsillos de cada uno de ellos mentira que va hacer para mejorar en todo el país o ustedes que opinan,0,turismo,1,2,2,1,1.0
fifa va cancelar el mundial mexico 2026 por la inseguridad narkos homicidios,0,turismo,1,2,1,1,1.0
me da risa y luego,2,turismo,3,2,3,1,1.0
no mija ya es diciembre el bono y pues no marcame enenero,2,turismo,3,3,3,3,1.0
y todas las ganancias que habrá en jalisco adivinen quien se las va a robar boicot en jalisco por los desaparecidos,0,turismo,1,2,1,1,1.0
a pero no sé habla de la demanda,2,turismo,3,3,3,3,3.0
también van a detener las construcciones que están sobre paseo de la reforma,1,turismo,2,3,3,3,1.0
que salgamos todos dice,2,turismo,3,3,3,3,1.0
mi presidentaaa,2,turismo,3,5,3,5,1.0
ella nos pagará cubrirá todo nuestros gastos sencillo hagan que sea seguro salir listo,3,turismo,4,3,3,3,1.0
que hagamos manifestaciones enfrente de los estadios a la hora de los partidos dice,0,turismo,1,2,2,1,1.0
ojalá lo cancelen aqui,0,turismo,1,2,1,1,1.0
a ver como le va mucha inseguridad,0,turismo,1,2,2,2,1.0
hola gente me gustaría saber qué tan seguro es méxico ahora mismo soy de españa y quiero ir al mundial en guadalajara,2,turismo,3,3,3,3,3.0
que nos manifestemos dice,0,turismo,1,2,3,1,1.0
como verg quiere que don chuy que trabaja en la obra haga home office,1,turismo,2,3,1,1,1.0
lo que le debería preocupar es la mala imagen e ineptitud de su gobierno tanta inseguridad y desaparecidos x eso los turistas ni de locos usarán el metro saben q no es confiable y x eso están contratando autos blindados y seguridad,0,turismo,1,1,1,1,1.0
yo cuando dijo eso no ni mergas yo cuando vi que decía suspensión de clases tiene mi boto,2,turismo,3,3,3,3,1.0
hiban a venir,2,turismo,3,3,3,3,1.0
ojalá no se arme aquí,0,turismo,1,2,2,2,1.0
se van a rayar los policías con tanta mordida q van a pedir,1,turismo,2,2,1,1,1.0
y a esos si los va a cuidar o como a los mexicanos,2,turismo,3,2,2,2,1.0
es como decirle a un niño que lo haga,2,turismo,3,2,3,1,1.0
women,2,turismo,3,3,3,3,2.0
esto sonó como un reto de salir más,2,turismo,3,3,3,3,2.0
y si mejor reparan las calles mejoran el transporte público y todos los aspectos de movilidad en la ciudad para que no solo los turistas lo disfruten digo es una opción que mejor forma de aparentar ser una ciudad de primera que siendo una ciudad de primera,1,turismo,2,2,2,1,2.0
que no salga ella va a espantar a los turistas,2,turismo,3,2,2,1,1.0
jajjajaja wue no mameeee,1,turismo,2,2,3,3,3.0
no mas eso faltaba,1,turismo,2,2,3,1,1.0
espero que sea fake,2,turismo,3,2,3,2,1.0
pelusokun,2,turismo,3,3,3,3,2.0
es hora de comenzar el juego,4,turismo,5,3,3,3,3.0
seguramente voy a vender jamón por home ofice,2,turismo,3,3,3,3,1.0
pues mientras me paguen mis días de trabajo yo con gusto me quedo a descansar a mi casa,3,turismo,4,3,3,3,1.0
acoso que como turista quiero ver una ciudad vacía si viajo es por la cultura,2,turismo,3,2,3,3,1.0
que salga bueno,2,turismo,3,3,3,3,4.0
me alegra y verán en lo que convertiste méxico,2,turismo,3,5,5,5,5.0
no gracias,1,turismo,2,3,3,1,1.0
si por eso quiero salir para ver gente diferente,3,turismo,4,3,3,4,4.0
ya se hubiera remodelado el aicm desde hace años si no fuera por el capricho de construir el aifa,0,turismo,1,2,1,1,1.0
nos pagarán por eso yo me apunto si me van a pagar bien,4,turismo,5,3,4,4,2.0
no se quien las invento,2,turismo,3,3,3,3,1.0
ahora resulta que estar vivo en méxico es ilegal 5 5millones me va conocer que maravilla,2,turismo,3,1,1,1,1.0
cuántos dices que vendrán dime,2,turismo,3,3,3,3,3.0
creo q porfin habla algo inteligente,4,turismo,5,2,4,4,4.0
sorprendente presidenta y como los vaz a mandar a cuidar mejor q sea en otro lado mi méxico es hermoso y ahora está en tinieblas,0,turismo,1,2,1,1,1.0
ahora si los policías se van hacer ricos los weyes,2,turismo,3,1,1,1,1.0
excelente presidenta gracias,4,turismo,5,5,5,5,5.0
ni a palos,0,turismo,1,1,3,1,1.0
si no hay maíz no hay mundial,0,turismo,1,3,3,1,1.0
en guadalajara también se le ocurrió la misma ide otez a lemus,0,turismo,1,3,3,3,1.0
por mi esta bien pero que me aga un deposito de retiro sin tarjeta de unos 1 000 000 000 000 000 000 000 000 000 000 000 000 000 000 y ya veremos,2,turismo,3,3,3,1,1.0
que estamos muy pinches feos,2,turismo,3,2,3,1,1.0
usted tampoco querida,2,turismo,3,3,3,3,1.0
todos a salir de casa en junio,1,turismo,2,3,3,3,1.0
ni mi ex me escondía tanto,2,turismo,3,2,3,1,1.0
queremos seguridad y medicinas al pueblo no le interesa,0,turismo,1,2,2,1,1.0
cuando pensó que era buena idea,2,turismo,3,2,2,2,1.0
alguien dijo que protestemos contra las desapariciones para que los turistas conozcan la realidad de méxico,0,turismo,1,2,1,1,1.0
me da risa solo tonteras de este gobierno,0,turismo,1,2,1,1,1.0
están viendo como esta méxico usted cree que vengan,1,turismo,2,3,3,3,1.0
esa mujer piensa que puede controlar y jugar como juguete a las personas,2,turismo,3,2,1,1,
y la mentira me da risa,2,turismo,3,2,1,1,1.0
que hagamos manifestación dice,2,turismo,3,2,2,3,1.0
con la inseguridad quien va querer ir a mexico,0,turismo,1,1,2,1,1.0
disculpa soy mexicana que no me quedé en casa yo así entendí,2,turismo,3,3,3,3,2.0
va ser el mundial más aburrido sí es que no pasa algo canónico,3,turismo,4,2,3,2,1.0
ok pero díganselo a mi jefecito porque me obliga a venir a la oficina,1,turismo,2,2,3,3,1.0
que ese diga hagan una manifestación dice,0,turismo,1,3,3,3,1.0
yo aún me preguntó que tiene de importante el mundial de fútbol que da o en qué beneficia esa madre,1,turismo,2,3,2,2,1.0
los carteles se van a dar vida con los turistas a quien se le ocurrió darle el mundial a méxico,3,turismo,4,4,1,1,1.0
y regresando ya no están completo,1,turismo,2,2,2,2,1.0
que acaso la fifa no lo cancelo y va hacer ahora en eu,2,turismo,3,2,3,3,1.0
solo les recuerdo que una mujer perdió la vida solo por salir en busca de empleo un enfermo desvivio a varias personas desde una pirámide de teotihuacan y el metro de la ciudad está en su peor momento razones para manifestarnos durante el mundial si tenemos,0,turismo,1,1,1,1,1.0
como si fuera a venir medio mundo para la miseria de partidos que se jugarán en méxico,2,turismo,3,2,2,1,1.0
cuántos secuestrados va haber,0,turismo,1,2,1,1,1.0
si we dame dinero pa quedarme todo ese tiempo en mi ksa y paga netflix pa entretenerme erra,2,turismo,3,2,3,3,1.0
eso me sono a reto,2,turismo,3,3,3,3,2.0
no creo que vayan con el desmadre que trae doña limones,1,turismo,2,2,2,1,1.0
y con ese recurso recabado aumentara la seguridad para los mexicanos,0,turismo,1,4,4,5,4.0
porque siento como que abra millones de personas muy pronto en las calles,2,turismo,3,3,3,3,2.0
chale apenas q aprendí a comer con cubiertos y decir buenas tardes,2,turismo,3,3,3,1,1.0
si me paga mis 50 que ganó en el trabajo por ir 6 horas al día me quedo todo el año me da risa,2,turismo,3,2,1,1,1.0
cómo ven si les podemos su mundial,4,turismo,5,3,3,1,3.0
ya les diría que es mui inseguro,0,turismo,1,2,2,1,1.0
claudianoestassola,4,turismo,5,3,3,3,2.0
pero primero seguridad porque si no va a valer madre,1,turismo,2,2,2,2,1.0
que salgamos dice,1,turismo,2,2,3,3,1.0
no lo creo q cuánto sinismo,0,turismo,1,2,4,1,1.0
no loco voy a méxico menos con la falta de seguridad méxico necesita a lilly téllez,0,turismo,1,2,2,2,1.0
los que trabajamos en plazas autoservicios transportes públicos etc no hay que ir a trabajar para que no haya personal y haci estén cerrados y que que lo sugirió la clara brugada,2,turismo,3,2,2,1,1.0
que miedo atención turistas méxico no puede ni con su gente menos con turistas,0,turismo,1,1,1,1,1.0
se salen de contexto pero siempre tirando tierra sus propuestas,4,turismo,5,2,2,1,1.0
shiembaum diciéndole adiós a esos visitantes me da risa,1,turismo,2,2,1,1,1.0
soy mexicano no vengan a méxico la presidenta se está pasando de lanza la inseguridad está canija,0,turismo,1,1,1,1,1.0
chsm,0,turismo,1,3,3,3,2.0
que hagamos una manifestación dice,0,turismo,1,2,2,3,1.0
que salgamos dice,2,turismo,3,2,3,3,1.0
q hagamos manifestación dice,0,turismo,1,2,2,3,1.0
creo que esos días le voy a pedir a mi jefa que no sea home office a ver a donde salgo,1,turismo,2,3,3,3,3.0
normal mente ando en mi cueva pero esos días estaré en la calle todo el prro día,1,turismo,2,3,3,3,4.0
no venga por esta presidenta vale pa pura verg por favor ni vayan,0,turismo,1,1,1,1,1.0
esta feliz porque van andar ocupados sus patrones del cartel ahora si llenaran las fozaz,2,turismo,3,1,1,1,1.0
en conclusión tendré más dinero y como es obvio no lo compartiré con el pueblo,2,turismo,3,2,1,1,1.0
oigan esa mmda es neta que lo dijo,2,turismo,3,3,3,3,1.0
con las ganas sequedaron ya esta confirmado no habrá mundial en méxico la culpa la tiene la presidenta por la inseguridad que se vive,0,turismo,1,2,1,1,1.0
y con tanto campo de exterminio señora,0,turismo,1,1,1,1,1.0
presidenta,4,turismo,5,3,3,3,3.0
no puedes con los mexicanos,0,turismo,1,3,3,1,1.0
urge la revocación de mandato,0,turismo,1,1,1,1,1.0
mujer tenía que ser,2,turismo,3,3,3,1,
parece perfecta idea para desviar la atención,0,turismo,1,2,2,1,1.0
no iba a salir pero ahora como que me están dando unas ganas de ir al ángel de la independencia varios dias seguidos,2,turismo,3,3,4,1,2.0
se van a dar cuenta k estamos de la ve rga y k su gobierno es de la mierda,0,turismo,1,1,1,1,1.0
me da risa cierren negocios para disfruten el mundial,2,turismo,3,2,1,1,1.0
cd juarez ya no existe el turismo como antes que ivan gringos de texas new mexico denver pero no le inporta cd juarez chihuahua,0,turismo,1,2,2,1,1.0
seria glorioso que la fifa anunciará que no habrá mundial por la inseguridad para ver qué dice la incompetente de claudia y sus solovinos del bienestar,1,turismo,2,1,1,1,1.0
claro vamos a salir más esos días porque así somos los mexicanos,2,turismo,3,3,3,3,4.0
fijate que no estaría mal yo trabajo de didi podré aaer home office desde mi casa,2,turismo,3,3,3,3,2.0
de eso si tiene información y hasta con detalle la señora pero qué tal de la inseguridad,1,turismo,2,2,2,2,2.0
que miedo ir a méxico,0,turismo,1,1,1,1,1.0
hay que hacer una tendencia para que fifa se lleve el mundial d3 méxico,0,turismo,1,3,3,1,1.0
primero méxico y después el dinero ya no tenemos medicamentos y la delincuencia el dia de hoy no me deja trabajar no necesito un mundial necesito un mexico seguro para recibir ingresos hoy,0,turismo,1,1,1,1,1.0
y van a trasparentar todo el ingreso o lo repartirán en la nómina de morena,1,turismo,2,2,1,1,1.0
y con un país lleno de inseguridad como le harán,0,turismo,1,2,2,2,1.0
no queremos mundial queremos seguridad,0,turismo,1,2,1,1,1.0
soy de colombia y fui a méxico y hay mucha inseguridad la verdad,1,turismo,2,2,1,1,1.0
parece buena idea cerrar calles,0,turismo,1,3,4,4,4.0
tenemos mucha presidenta afortunadamente todavía 5 años más,4,turismo,5,2,5,5,1.0
